episode,train_cscqi,train_isr,critic_loss,actor_loss
50,1.3565,0.800,0.0679,-0.5041
100,1.1005,0.700,0.0070,-0.8825
150,1.2124,0.700,0.0063,-1.1386
200,0.8127,0.600,0.0551,-1.2019
250,1.2215,0.800,0.0375,-1.2930
300,1.5655,0.900,0.0591,-1.3159
350,1.3775,0.800,0.0361,-1.4068
400,0.8227,0.700,0.0283,-1.6505
450,0.9034,0.600,0.0250,-2.2753
500,1.4711,0.900,0.0175,-2.9035
550,1.3408,0.800,0.0191,-3.6733
600,0.9278,0.600,0.0264,-4.3201
650,1.2456,0.700,0.0470,-4.7877
700,0.7233,0.500,0.0241,-4.9236
750,1.4991,0.800,0.0474,-5.1333
800,0.8098,0.600,0.0256,-5.3582
850,0.8477,0.500,0.0235,-5.5315
900,1.5594,0.900,0.0310,-6.0453
950,1.5746,0.900,0.0326,-6.3756
1000,1.5315,1.000,0.0248,-6.3721
