tpc,policy,isr_mean,isr_std,delay_mean,dist_mean,n_eval
1,HDM,0.8580,0.1320,0.5239,0.3083,200
1,AC,0.9070,0.1279,0.1808,0.3501,200
1,PPO,0.8730,0.1417,0.1141,0.3710,200
1,SAC,0.7870,0.1650,0.1859,0.3976,200
1,Static,0.8450,0.1502,0.1134,0.3865,200
2,HDM,0.8725,0.0995,0.2505,0.3591,200
2,AC,0.8410,0.1059,0.2906,0.3681,200
2,PPO,0.8505,0.1086,0.3221,0.3551,200
2,SAC,0.6210,0.1084,1.7032,0.3697,200
2,Static,0.8300,0.1308,0.2399,0.3723,200
4,HDM,0.7968,0.0803,0.5461,0.3582,200
4,AC,0.7055,0.0964,0.6684,0.3649,200
4,PPO,0.7045,0.0909,0.7089,0.3705,200
4,SAC,0.5078,0.0855,2.7176,0.3766,200
4,Static,0.7435,0.0940,0.5139,0.3822,200
10,HDM,0.6267,0.0667,0.9977,0.4009,200
10,AC,0.5382,0.0610,1.5872,0.3666,200
10,PPO,0.5312,0.0494,1.5442,0.3757,200
10,SAC,0.2880,0.0429,8.4483,0.3695,200
10,Static,0.6241,0.0541,1.3347,0.3694,200
